Comment,Rating
Phở nhạt như nước lã luôn,0
Bún bò quá dở mà còn đắt,0
Món gà tệ đến mức chẳng nuốt nổi,0
Nước lẩu nhạt và có mùi khó chịu,0
Đồ ăn dở quá không hiểu sao quán đông,0
Quán này nấu ăn chán thật,0
Cơm cứng ngắc ăn không nổi,0
Mì bị bở và nước dùng nhạt toẹt,0
Gọi phần đặc biệt mà ít đến phát bực,0
Nhân viên thái độ lồi lõm quá,0
Món lên nguội tanh làm mình tụt mood,0
Ăn một lần là cạch mặt quán này,0
Đồ nướng khét lẹt và dai nhách,0
Quán quảng cáo quá đà chứ đồ ăn chán òm,0
Trà sữa ngọt gắt uống muốn xỉu,0
Phục vụ chậm rì mà còn tính tiền sai,0
Đĩa bánh nhìn đẹp nhưng ăn dở ẹc,0
Giao tới nơi thì canh đổ tung tóe,0
Mùi đồ ăn hơi thiu rất khó chịu,0
Thịt khô như ngói nhai mỏi cả hàm,0
Quán đông nhưng chất lượng xuống cấp quá,0
Mắc tiền mà phần ăn bé tí teo,0
Nước chấm dở tệ phá hỏng cả món,0
Ăn xong chỉ thấy phí tiền kinh khủng,0
Phở ngon xỉu nước dùng đậm đà,1
Bún bò đỉnh của chóp ăn đã thật,1
Món gà ngon quá phần ăn lại đầy đặn,1
Nước lẩu thơm cực cuốn,1
Đồ ăn ổn áp hơn mình tưởng nhiều,1
Quán nấu ăn ngon bá cháy,1
Cơm mềm dẻo và thịt nướng cực thơm,1
Mì dai vừa phải nước dùng xuất sắc,1
Phần đặc biệt nhiều topping đáng đồng tiền,1
Nhân viên dễ thương và phục vụ nhanh ghê,1
Món vừa lên bàn còn nóng hổi thích quá,1
Ăn một lần là mê luôn quán này,1
Đồ nướng thơm nức mà giá lại dễ chịu,1
Quán nhỏ nhưng món nào cũng chất lượng,1
Trà sữa ngọt vừa đủ uống rất cuốn,1
Đợi chưa lâu đã có món ăn nóng ngon,1
Đĩa bánh nhìn xinh mà ăn cũng ngon,1
Giao nhanh đồ ăn vẫn còn nóng,1
Mùi thơm hấp dẫn vừa mở hộp đã đói,1
Thịt mềm mọng nhai thích mê,1
Quán đông mà phục vụ vẫn chu đáo,1
Giá hơi cao nhưng phần ăn xứng đáng,1
Nước chấm ngon nâng tầm cả món,1
Ăn xong thấy cực kỳ đáng tiền,1
